{
  "_fv": 28,
  "_type": "achievement",
  "definition": {
    "achievementName": "Il blocco proibito",
    "achievementDescription": "Ottieni il blocco più odiato",
    "achievementIcon": {
      "value": "Blocks.BIRCH_WOOD"
    },
    "background": "Default",
    "disableDisplay": false,
    "showPopup": true,
    "announceToChat": true,
    "hideIfNotCompleted": false,
    "rewardLoot": [],
    "rewardRecipes": [],
    "rewardFunction": "No function",
    "rewardXP": 4,
    "achievementType": "task",
    "parent": {
      "value": "CUSTOM:Thefireflies"
    },
    "triggerxml": "<xml xmlns=\"https://developers.google.com/blockly/xml\"><block type=\"block_placed\" x=\"69\" y=\"94\"><value name=\"block\"><block type=\"mcitem_allblocks\"><field name=\"value\">Blocks.LOG#2</field></block></value><next><block type=\"advancement_trigger\" deletable=\"false\"><comment pinned=\"true\" h=\"80\" w=\"160\">/kill @e[type=player]\n</comment></block></next></block></xml>"
  }
}