{
  "_fv": 28,
  "_type": "achievement",
  "definition": {
    "achievementName": "Aether",
    "achievementDescription": "Enter the heavens",
    "achievementIcon": {
      "value": "Blocks.GLOWSTONE"
    },
    "background": "Default",
    "disableDisplay": false,
    "showPopup": true,
    "announceToChat": true,
    "hideIfNotCompleted": false,
    "rewardLoot": [],
    "rewardRecipes": [],
    "rewardFunction": "No function",
    "rewardXP": 0,
    "achievementType": "goal",
    "parent": {
      "value": "CUSTOM:Thefireflies"
    },
    "triggerxml": "<xml xmlns=\"https://developers.google.com/blockly/xml\"><block type=\"dimension_entered\" x=\"30\" y=\"35\"><field name=\"dimension\">CUSTOM:Ather</field><next><block type=\"advancement_trigger\" deletable=\"false\"></block></next></block></xml>"
  }
}