{
  "_fv": 28,
  "_type": "overlay",
  "definition": {
    "priority": "NORMAL",
    "components": [
      {
        "type": "label",
        "data": {
          "text": "IS THIS WHAT YOU WANT?!",
          "color": {
            "value": -3932160,
            "falpha": 0.0
          },
          "name": "IS THIS WHAT YOU WANT?!",
          "x": 155,
          "y": 53
        }
      }
    ],
    "baseTexture": "",
    "overlayTarget": "Death",
    "gridSettings": {
      "sx": 18,
      "sy": 18,
      "ox": 11,
      "oy": 15,
      "snapOnGrid": false
    }
  }
}