{
  "_fv": 28,
  "_type": "recipe",
  "definition": {
    "recipeType": "Crafting",
    "xpReward": 0.0,
    "cookingTime": 200,
    "recipeRetstackSize": 1,
    "group": "",
    "recipeShapeless": true,
    "recipeSlots": [
      {
        "value": ""
      },
      {
        "value": "Items.DYE#4"
      },
      {
        "value": ""
      },
      {
        "value": ""
      },
      {
        "value": "Blocks.PLANKS"
      },
      {
        "value": ""
      },
      {
        "value": ""
      },
      {
        "value": ""
      },
      {
        "value": ""
      }
    ],
    "recipeReturnStack": {
      "value": "CUSTOM:BluePlanks"
    },
    "name": "blueplank_2",
    "namespace": "mod"
  }
}