{
  "_fv": 28,
  "_type": "tool",
  "definition": {
    "renderType": 0,
    "texture": "axe",
    "customModelName": "Normal",
    "name": "Emeraldaxe",
    "specialInfo": [
      "an axe made of emeralds"
    ],
    "creativeTab": {
      "value": "CUSTOM:Sssss"
    },
    "toolType": "Axe",
    "harvestLevel": 0,
    "efficiency": 5.0,
    "attackSpeed": 0.5,
    "enchantability": 2,
    "damageVsEntity": 12.2,
    "usageCount": 6666,
    "blocksAffected": [],
    "hasGlow": false,
    "repairItems": [
      {
        "value": "Items.EMERALD"
      }
    ],
    "immuneToFire": false,
    "stayInGridWhenCrafting": false,
    "damageOnCrafting": false
  }
}