{
  "_fv": 28,
  "_type": "armor",
  "definition": {
    "enableHelmet": true,
    "textureHelmet": "emrald_head",
    "enableBody": true,
    "textureBody": "emrald_body",
    "enableLeggings": true,
    "textureLeggings": "emrald_leggings",
    "enableBoots": true,
    "textureBoots": "emrald_boots",
    "creativeTab": {
      "value": "CUSTOM:Sssss"
    },
    "armorTextureFile": "emeraldarmor",
    "helmetName": "Emerald Helmet",
    "bodyName": "Emerald Chestplate",
    "leggingsName": "Emerald Leggings",
    "bootsName": "Emerald Boots",
    "helmetSpecialInfo": [],
    "bodySpecialInfo": [],
    "leggingsSpecialInfo": [],
    "bootsSpecialInfo": [],
    "helmetModelName": "Default",
    "helmetModelPart": "Helmet",
    "helmetModelTexture": "From armor",
    "bodyModelName": "Default",
    "bodyModelPart": "Body",
    "armsModelPartL": "Arms L",
    "armsModelPartR": "Arms R",
    "bodyModelTexture": "From armor",
    "leggingsModelName": "Default",
    "leggingsModelPartL": "Leggings L",
    "leggingsModelPartR": "Leggings R",
    "leggingsModelTexture": "From armor",
    "bootsModelName": "Default",
    "bootsModelPartL": "Boots L",
    "bootsModelPartR": "Boots R",
    "bootsModelTexture": "From armor",
    "helmetImmuneToFire": false,
    "bodyImmuneToFire": false,
    "leggingsImmuneToFire": false,
    "bootsImmuneToFire": false,
    "maxDamage": 25,
    "damageValueHelmet": 6,
    "damageValueBody": 6,
    "damageValueLeggings": 6,
    "damageValueBoots": 6,
    "enchantability": 9,
    "toughness": 2.5,
    "knockbackResistance": 0.2,
    "equipSound": {
      "value": "item.armor.equip_iron"
    },
    "repairItems": [
      {
        "value": "CUSTOM:EMENUGGET"
      },
      {
        "value": "CUSTOM:Swordeme"
      },
      {
        "value": "Items.EMERALD"
      }
    ]
  }
}