{
  "_fv": 28,
  "_type": "rangeditem",
  "definition": {
    "renderType": 0,
    "texture": "bow_of_emer",
    "customModelName": "Normal",
    "name": "Emerald_bow",
    "specialInfo": [],
    "creativeTab": {
      "value": "CUSTOM:Sssss"
    },
    "stackSize": 3,
    "ammoItem": {
      "value": "CUSTOM:Emeraldarrows"
    },
    "shootConstantly": false,
    "usageCount": 100,
    "actionSound": {
      "value": "entity.arrow.shoot"
    },
    "hasGlow": false,
    "animation": "bow",
    "enableMeleeDamage": false,
    "damageVsEntity": 0.0,
    "bulletPower": 1.2000000000000002,
    "bulletDamage": 5.5,
    "bulletKnockback": 71,
    "bulletParticles": true,
    "bulletIgnitesFire": true,
    "bulletItemTexture": {
      "value": "CUSTOM:Emeraldarrows"
    },
    "bulletModel": "Default",
    "customBulletModelTexture": ""
  }
}