{
  "_fv": 28,
  "_type": "structure",
  "definition": {
    "structure": "2123",
    "randomlyRotateStructure": true,
    "surfaceDetectionType": "First motion blocking block",
    "spawnProbability": 100,
    "minCountPerChunk": 4,
    "maxCountPerChunk": 4,
    "spawnLocation": "Ground",
    "spawnHeightOffset": 0,
    "spawnXOffset": 0,
    "spawnZOffset": 0,
    "spawnWorldTypes": [
      "CUSTOM:Ather"
    ],
    "restrictionBlocks": [],
    "restrictionBiomes": [
      {
        "value": "CUSTOM:Aethers"
      }
    ],
    "ignoreBlocks": "STRUCTURE_BLOCK"
  }
}