{
  "_fv": 28,
  "_type": "tool",
  "definition": {
    "renderType": 0,
    "texture": "ho3",
    "customModelName": "Normal",
    "name": "emerald_hoe",
    "specialInfo": [],
    "creativeTab": {
      "value": "CUSTOM:Sssss"
    },
    "toolType": "Hoe",
    "harvestLevel": 23,
    "efficiency": 4.5,
    "attackSpeed": 0.1,
    "enchantability": 5,
    "damageVsEntity": 3.9,
    "usageCount": 100,
    "blocksAffected": [],
    "hasGlow": false,
    "repairItems": [
      {
        "value": "Items.EMERALD"
      }
    ],
    "immuneToFire": false,
    "stayInGridWhenCrafting": false,
    "damageOnCrafting": false
  }
}