{
  "_fv": 28,
  "_type": "tool",
  "definition": {
    "renderType": 0,
    "texture": "shovek",
    "customModelName": "Normal",
    "name": "Shovelemerald",
    "specialInfo": [],
    "creativeTab": {
      "value": "CUSTOM:Sssss"
    },
    "toolType": "Spade",
    "harvestLevel": 17,
    "efficiency": 9.0,
    "attackSpeed": 0.7000000000000001,
    "enchantability": 2,
    "damageVsEntity": 4.0,
    "usageCount": 100,
    "blocksAffected": [],
    "hasGlow": false,
    "repairItems": [
      {
        "value": "Items.EMERALD"
      }
    ],
    "immuneToFire": false,
    "stayInGridWhenCrafting": false,
    "damageOnCrafting": false
  }
}