{
  "_fv": 28,
  "_type": "fluid",
  "definition": {
    "name": "Smoltenemerald",
    "bucketName": "Smoltenemerald Bucket",
    "textureStill": "smolten",
    "textureFlowing": "smolten",
    "tintType": "No tint",
    "canMultiply": false,
    "flowRate": 7,
    "levelDecrease": 8,
    "slopeFindDistance": 5,
    "spawnParticles": false,
    "dripParticle": {
      "value": "EXPLOSION_NORMAL"
    },
    "flowStrength": 2.0,
    "luminosity": 0,
    "density": 1000,
    "viscosity": 1000,
    "isGas": false,
    "temperature": 300,
    "type": "LAVA",
    "generateBucket": true,
    "textureBucket": "smol",
    "creativeTab": {
      "value": "CUSTOM:Sssss"
    },
    "emptySound": {
      "value": ""
    },
    "rarity": "RARE",
    "specialInfo": [],
    "resistance": 100.0,
    "luminance": 0,
    "lightOpacity": 0,
    "emissiveRendering": false,
    "tickRate": 10,
    "flammability": 0,
    "fireSpreadSpeed": 0,
    "colorOnMap": "DEFAULT",
    "frequencyOnChunks": 5,
    "spawnWorldTypes": [],
    "restrictionBiomes": []
  }
}