{
  "_fv": 28,
  "_type": "villagertrade",
  "definition": {
    "tradeEntries": [
      {
        "villagerProfession": {
          "value": "WEAPONSMITH"
        },
        "entries": [
          {
            "price1": {
              "value": "CUSTOM:EMENUGGET"
            },
            "countPrice1": 9,
            "price2": {
              "value": ""
            },
            "countPrice2": 15,
            "offer": {
              "value": "Items.EMERALD"
            },
            "countOffer": 3,
            "level": 5,
            "maxTrades": 10,
            "xp": 10,
            "priceMultiplier": 0.0
          }
        ]
      },
      {
        "villagerProfession": {
          "value": "ARMORER"
        },
        "entries": [
          {
            "price1": {
              "value": "Items.EMERALD"
            },
            "countPrice1": 7,
            "price2": {
              "value": ""
            },
            "countPrice2": 1,
            "offer": {
              "value": "CUSTOM:Swordeme"
            },
            "countOffer": 1,
            "level": 5,
            "maxTrades": 10,
            "xp": 5,
            "priceMultiplier": 0.05
          }
        ]
      }
    ]
  }
}