{
  "_fv": 28,
  "_type": "tool",
  "definition": {
    "renderType": 0,
    "texture": "sword_m",
    "customModelName": "Normal",
    "name": "Emerald_sword",
    "specialInfo": [
      "A sword of emeralds",
      "what everyone wants"
    ],
    "creativeTab": {
      "value": "CUSTOM:Sssss"
    },
    "toolType": "Sword",
    "harvestLevel": 1,
    "efficiency": 5.0,
    "attackSpeed": 3.0,
    "enchantability": 2,
    "damageVsEntity": 6.8,
    "usageCount": 3000,
    "blocksAffected": [],
    "hasGlow": true,
    "repairItems": [
      {
        "value": "Items.EMERALD"
      },
      {
        "value": "Blocks.EMERALD_BLOCK"
      }
    ],
    "immuneToFire": false,
    "stayInGridWhenCrafting": false,
    "damageOnCrafting": false
  }
}