{
  "_fv": 28,
  "_type": "achievement",
  "definition": {
    "achievementName": "L'isola che non c'è",
    "achievementDescription": "Trova il bioma nascosto segreto che non esistera mai",
    "achievementIcon": {
      "value": "Blocks.LOG#2"
    },
    "background": "Default",
    "disableDisplay": false,
    "showPopup": true,
    "announceToChat": true,
    "hideIfNotCompleted": true,
    "rewardLoot": [],
    "rewardRecipes": [],
    "rewardFunction": "No function",
    "rewardXP": 0,
    "achievementType": "challenge",
    "parent": {
      "value": "No parent: root"
    },
    "triggerxml": "<xml xmlns=\"https://developers.google.com/blockly/xml\"><block type=\"biome_entered\" x=\"69\" y=\"108\"><field name=\"biome\">CUSTOM:Birchforest</field><next><block type=\"advancement_trigger\" deletable=\"false\"></block></next></block></xml>"
  }
}