{
  "display": {
    "icon": {
      "item": "minecraft:birch_wood"
    },
    "title": {
      "translate": "advancements.a.title"
    },
    "description": {
      "translate": "advancements.a.descr"
    },
    "frame": "task",
    "show_toast": true,
    "announce_to_chat": true,
    "hidden": false
  },
  "criteria": {
    "a": {
      "trigger": "minecraft:placed_block",
      "conditions": {
        "item": {
          "items": [
            "minecraft:birch_log"
          ]
        }
      }
    }
  },
  "rewards": {
    "experience": 4
  },
  "parent": "new_ores:thefireflies"
}