{
  "display": {
    "icon": {
      "item": "minecraft:glowstone"
    },
    "title": {
      "translate": "advancements.aetheerer.title"
    },
    "description": {
      "translate": "advancements.aetheerer.descr"
    },
    "frame": "goal",
    "show_toast": true,
    "announce_to_chat": true,
    "hidden": false
  },
  "criteria": {
    "aetheerer": {
      "trigger": "minecraft:changed_dimension",
      "conditions": {
        "to": "new_ores:ather"
      }
    }
  },
  "parent": "new_ores:thefireflies"
}