{
  "display": {
    "background": "minecraft:textures/block/stone.png",
    "icon": {
      "item": "minecraft:birch_log"
    },
    "title": {
      "translate": "advancements.thefireflies.title"
    },
    "description": {
      "translate": "advancements.thefireflies.descr"
    },
    "frame": "challenge",
    "show_toast": true,
    "announce_to_chat": true,
    "hidden": true
  },
  "criteria": {
    "thefireflies": {
      "trigger": "minecraft:location",
      "conditions": {
        "biome": "new_ores:birchforest"
      }
    }
  }
}